"","Zmienna","N","Srednia","Mediana","Min","Max","Odch_Std","Skosnosc","Kurtoza","Wsp_Zm_Proc","Gini","Klasa_Asymetrii","Klasa_Zmiennosci"
"1","x56",16,71.94,71.75,68.9,76,1.99,0.71,0.03,2.77,0.01,"słaba/umiarkowana","bardzo mała zmienność"
"2","x55",16,71.94,71.75,68.9,76,1.99,0.71,0.03,2.77,0.01,"słaba/umiarkowana","bardzo mała zmienność"
"3","x54",16,23.35,22.9,20,32.4,3,1.83,5.02,12.86,0.06,"silna prawostronna","mała zmienność"
"4","x53",16,59.32,59.4,57.9,60.3,0.68,-0.5,-0.15,1.14,0.01,"słaba/umiarkowana","bardzo mała zmienność"
"5","x52",16,57.71,57.4,52.7,63.3,2.68,0.13,-0.02,4.64,0.02,"słaba/umiarkowana","bardzo mała zmienność"
"6","x51",16,18.98,19.57,6.66,34.2,8.62,0.23,-0.99,45.41,0.25,"słaba/umiarkowana","umiarkowana zmienność"
"7","x50",16,7.31,6.75,4.3,12.3,2.24,0.74,0.12,30.7,0.16,"słaba/umiarkowana","umiarkowana zmienność"
"8","x49",16,10.16,9.96,5.82,18.28,2.99,1.17,2.54,29.38,0.15,"słaba/umiarkowana","umiarkowana zmienność"
"9","x48",16,80.4,77.59,61.94,105.82,13.81,0.47,-0.91,17.18,0.09,"słaba/umiarkowana","mała zmienność"
"10","x47",16,42.11,41.9,35.3,46.48,2.99,-0.34,0.35,7.1,0.04,"słaba/umiarkowana","bardzo mała zmienność"
"11","x46",16,26.22,17.42,8.27,101.57,23.5,2.47,7.04,89.64,0.39,"silna prawostronna","bardzo duża zmienność"
"12","x45",16,23.96,16.56,8.46,94.5,21.64,2.65,7.82,90.3,0.38,"silna prawostronna","bardzo duża zmienność"
"13","x44",16,34.12,33,22,52,8.62,0.53,-0.4,25.25,0.14,"słaba/umiarkowana","umiarkowana zmienność"
"14","x43",16,58,56.5,29,87,18.22,0.08,-1.34,31.41,0.17,"słaba/umiarkowana","umiarkowana zmienność"
"15","x42",16,22.21,23.15,13.9,29.9,4.83,-0.2,-1.09,21.75,0.12,"słaba/umiarkowana","mała zmienność"
"16","x41",16,14.38,14.5,10.7,16.8,2.07,-0.23,-1.43,14.43,0.08,"słaba/umiarkowana","mała zmienność"
"17","x40",16,57,55.6,45.8,70.2,7.65,0.16,-0.98,13.42,0.07,"słaba/umiarkowana","mała zmienność"
"18","x39",16,9.4,9.55,6.4,12.2,1.73,-0.17,-1,18.37,0.1,"słaba/umiarkowana","mała zmienność"
"19","x38",16,35.07,35.4,25,52.2,7.28,0.6,0.5,20.76,0.11,"słaba/umiarkowana","mała zmienność"
"20","x37",16,161.47,157.95,95.8,247,42.44,0.64,0.39,26.28,0.14,"słaba/umiarkowana","umiarkowana zmienność"
"21","x36",16,38.12,35,20,70,13.77,1.61,2.4,36.12,0.17,"silna prawostronna","umiarkowana zmienność"
"22","x35",16,44.75,45,29,60,9.19,-0.06,-0.87,20.54,0.11,"słaba/umiarkowana","mała zmienność"
"23","x34",16,34.17,33.84,20.88,43.11,5.47,-0.64,1.18,16.01,0.08,"słaba/umiarkowana","mała zmienność"
"24","x33",16,21.5,20.5,13,32,5.24,0.91,0.57,24.38,0.13,"słaba/umiarkowana","mała zmienność"
"25","x32",16,16.39,16.07,12.8,22.2,2.26,0.91,1.78,13.79,0.07,"słaba/umiarkowana","mała zmienność"
"26","x31",16,18.75,19.98,8.8,32.51,6.32,0.1,0.1,33.69,0.18,"słaba/umiarkowana","umiarkowana zmienność"
"27","x30",16,31.75,31.35,27.68,38.2,2.59,0.74,1.26,8.15,0.04,"słaba/umiarkowana","bardzo mała zmienność"
"28","x29",16,32.99,32.52,27.01,39.98,3.35,0.71,0.73,10.15,0.05,"słaba/umiarkowana","mała zmienność"
"29","x28",16,89.64,89.07,82.4,108.43,6.15,1.96,5.41,6.87,0.03,"silna prawostronna","bardzo mała zmienność"
"30","x27",16,60.73,53.41,37.02,136.87,24.87,1.98,5.4,40.95,0.2,"silna prawostronna","umiarkowana zmienność"
"31","x26",16,55.46,52.37,30.49,94.56,16.08,0.85,0.89,28.99,0.15,"słaba/umiarkowana","umiarkowana zmienność"
"32","x25",16,60.25,58.68,54.76,67.39,3.79,0.62,-0.67,6.29,0.03,"słaba/umiarkowana","bardzo mała zmienność"
"33","x24",16,6.68,6.3,3.8,15.3,2.68,2.4,7.26,40.2,0.18,"silna prawostronna","umiarkowana zmienność"
"34","x23",16,130.11,134.56,58.28,197.37,38.29,-0.31,-0.52,29.43,0.16,"słaba/umiarkowana","umiarkowana zmienność"
"35","x22",16,77.1,78.9,22.51,153.68,37.22,0.46,-0.46,48.27,0.26,"słaba/umiarkowana","umiarkowana zmienność"
"36","x21",16,151.25,140,90,320,53.9,2.15,6.23,35.64,0.17,"silna prawostronna","umiarkowana zmienność"
"37","x20",16,65.33,60.39,27.24,121.92,30.22,0.89,-0.02,46.26,0.24,"słaba/umiarkowana","umiarkowana zmienność"
"38","x19",16,104.46,101.29,61.23,177.07,34.56,0.89,0.63,33.08,0.17,"słaba/umiarkowana","umiarkowana zmienność"
"39","x18",16,135.85,136.8,81.59,209.7,34.58,0.68,0.46,25.45,0.14,"słaba/umiarkowana","umiarkowana zmienność"
"40","x17",16,73.56,71.33,39.8,132.32,25.48,0.67,0.14,34.64,0.19,"słaba/umiarkowana","umiarkowana zmienność"
"41","x16",16,65.62,46,0,179,53.57,1.02,0.66,81.63,0.42,"słaba/umiarkowana","bardzo duża zmienność"
"42","x15",16,81.64,79.23,75.15,100.19,6.61,1.64,2.99,8.09,0.04,"silna prawostronna","bardzo mała zmienność"
"43","x14",16,93.69,85,71,144,20.92,0.97,0.45,22.33,0.12,"słaba/umiarkowana","mała zmienność"
"44","x13",16,51.62,48.04,33.23,107.71,17.18,2.44,7.93,33.28,0.15,"silna prawostronna","umiarkowana zmienność"
"45","x12",16,133.36,125.35,103.8,191.1,24.5,0.83,0.22,18.37,0.1,"słaba/umiarkowana","mała zmienność"
"46","x11",16,81.52,73.68,62.53,142.76,19.84,2.09,5.64,24.34,0.12,"silna prawostronna","mała zmienność"
"47","x10",16,83.64,83.1,81,87,1.49,0.73,0.68,1.78,0.01,"słaba/umiarkowana","bardzo mała zmienność"
"48","x09",16,29.66,28.4,12.7,51.6,11.07,0.49,-0.45,37.34,0.2,"słaba/umiarkowana","umiarkowana zmienność"
"49","x08",16,12.71,12.75,9.47,15.61,1.85,-0.06,-1.23,14.57,0.08,"słaba/umiarkowana","mała zmienność"
"50","x07",16,946.75,950,903,982,24.75,-0.38,-0.66,2.61,0.01,"słaba/umiarkowana","bardzo mała zmienność"
"51","x06",16,99.97,99.93,99.76,100.25,0.16,0.59,-0.73,0.16,0,"słaba/umiarkowana","bardzo mała zmienność"
"52","x05",16,99.55,99.51,99.33,99.82,0.15,0.33,-1.07,0.15,0,"słaba/umiarkowana","bardzo mała zmienność"
"53","x04",16,10.78,10.7,8.8,13.8,1.65,0.69,-0.74,15.34,0.08,"słaba/umiarkowana","mała zmienność"
"54","x03",16,4.26,4.28,2.23,6.42,1.23,0.03,-0.58,28.8,0.16,"słaba/umiarkowana","umiarkowana zmienność"
"55","x02",16,58.33,60.1,41.3,76.1,9.66,-0.18,-0.6,16.57,0.09,"słaba/umiarkowana","mała zmienność"
"56","x01",16,126.75,114.5,57,355,74.29,2.18,5.72,58.61,0.27,"silna prawostronna","duża zmienność"
